"4e57f5ea-41b3-4cc3-8c6a-2c58203286a9";"Krfz";;"Qnxhjxs";"Male";"16-02-2014";;;;;;;;"0";"false";;;;"test";"test"
"9c5a3ba3-039b-4199-b3c0-ea6299826b1b";"Qrpwq";;"Hyjgk";"M";"01-01-1900";;;;;;;;"1";"false";;;;"test";"test"
"9a957b29-5cd8-486e-b55f-6473637be1ec";"Qnmm";;"Hgnenxswx";"M";"01-01-1900";;;;;;;;"2";"false";;;;"test";"test"
"9c731c58-8364-49ad-9963-5004f1088e66";"Nrxob";;"Swvhjxs";"F";"01-01-1900";;;;;;;;"3";"false";;;;"test";"test"
"2409ccfe-1647-438f-894f-9ca23ec7fb8b";"Yfo";;"Gkwtnx";"M";"01-01-1900";;;;;;;;"4";"false";;;;"test";"test"
"d12d4b03-5766-4f35-ae9d-6680c4b10251";"Pnjgk_Wrejo";;"Vrgwx";"Male";"01-01-1900";;;;;;;;"5";"false";;;;"test";"test"
"75a1c7e0-b888-4f95-b678-36662c8edfe1";"Pnjgk_Wrejo";;"Vrgwx";"Male";"12-08-1966";;;;;;;;"5";"false";;;;"test";"test"
"99779b7a-56de-4403-80fc-d87ca2938b03";"Qwkx";;"Nwxgrzqrxw";"Male";"24-12-1944";;;;;;;;"6";"false";;;;"test";"test"
"c4a581c0-94ed-4ee5-a0ca-7747361ebe53";"Hknjzr";;"Nwxglwyntb";"Female";"04-10-1955";;;;;;;;"7";"false";;;;"test";"test"
"4051adbd-014a-4739-b593-a1cee7fe3cfa";"Djzzjry";;"Sfggwx";"Male";"28-04-1948";;;;;;;;"8";"false";;;;"test";"test"
"66905e9f-44a2-4d12-a7ce-90526274c122";"Krynzr";;"Djgghn-Hkrent";"Female";"05-03-1946";;;;;;;;"9";"false";;;;"test";"test"
"e2878866-e4b2-442b-976e-92ee6359002f";"Krynzr";;"Djgghn-Hkrent";"Female";"05-03-1946";;;;;;;;"9";"false";;;;"test";"test"
"81ad8b68-c4ed-4904-86b6-e0259b845e90";"Xrg";;"Yntgfppj";"Female";"01-01-1999";;;;;;;;"9";"false";;;;"test";"test"
"a8ed0795-3713-487a-89a9-c02c72c28516";"Gkwyrs";;"Wjyntpftjw";"Male";"05-02-1938";;;;;;;;"10";"false";;;;"test";"test"
"88c863dd-2cda-4f64-a9a5-23f304cdad4c";"Krfz";;"Irmmnt";"Male";"13-03-1947";;;;;;;;"11";"false";;;;"test";"test"
"7baa99d0-7a37-4679-b6a9-27f34714ecc5";"Utno";;"Nwwtn";"Male";"22-05-1948";;;;;;;;"12";"false";;;;"test";"test"
"ab68c2cc-d0ff-4e6b-904c-501b2132b45d";"Qwsnvk";;"Xrtnb";"Male";"22-05-1949";;;;;;;;"13";"false";;;;"test";"test"
"cc74b876-0a65-4dce-90e1-13a09f63a131";"Ywxxjn";;"Pjyynz";"Female";"11-01-1947";;;;;;;;"14";"false";;;;"test";"test"
"5a835b26-d53e-4d6b-9463-db3db43134ef";"Ywxxjn";;"Pjyynz";"Femail";"11-01-1947";;;;;;;;"14";"false";;;;"test";"test"
"6e3e76cb-8dd8-4053-8194-812ef46e31c7";"Iwqntgr";;"Mjpkwzs";"Female";"01-06-1966";;;;;;;;"15";"false";;;;"test";"test"
"b82b790d-2c7d-4944-bb78-b5b43e490783";"Iwqntg";;"Dwtgkznb";"Male";"20-01-1955";;;;;;;;"16";"false";;;;"test";"test"
"22454a69-2c74-4861-ba4e-59e75d68350a";"Tntrzojxn";;"Zohjxs";"Female";"27-07-1947";;;;;;;;"17";"false";;;;"test";"test"
"68fa088c-2758-424c-9878-141cfcae21e4";"Qnmm";;"Mjnyj";"Male";"17-07-1956";;;;;;;;"18";"false";;;;"test";"test"
"7e0edcab-e2bd-4056-935f-3cada8689a1a";"Wrzn";;"Qrmmn";"Female";"27-11-1952";;;;;;;;"19";"false";;;;"test";"test"
"27b98c22-1565-48f8-9278-d28b3592a33f";"Nrtjw";;"Ifssw";"Male";"12-08-1982";;;;;;;;"20";"false";;;;"test";"test"
"f47f3b36-c1fa-412c-968a-af22a3ff38c6";"Krwzw";;"Xrerzzj";"Male";"26-06-1977";;;;;;;;"21";"false";;;;"test";"test"
"5e52310f-cd1c-4c1a-9f43-b4629a31cb9a";"Hrxotr";;"Yzrph";"Female";"06-02-1940";;;;;;;;"22";"false";;;;"test";"test"
"26e56204-2db7-4c74-aa0e-6e24f1e5b0cb";"Zyqtwsjw";;"Inbns";"Male";"22-12-1940";;;;;;;;"23";"false";;;;"test";"test"
"ab9541f1-8b12-4f19-a235-deddafb9592a";"Xwttjxn";;"Snzzyrxx";"Female";"01-10-1946";;;;;;;;"24";"false";;;;"test";"test"
"707def3b-06f0-43d3-bfea-b7aba3e26c57";"Grfzrf";;"Gfvfr";"Male";"21-12-1963";;;;;;;;"25";"false";;;;"test";"test"
"b8a82ddf-50fc-4f86-94ea-4f910086d435";"Ifssnzz_Wrzn";;"Zlnts";"Male";"01-01-1900";;;;;;;;"26";"false";;;;"test";"test"
"b14b8a66-7784-43ed-92a2-b83e238e599e";"Djzyr_Qnrx";;"Nrtgjx";"Female";"13-06-1937";;;;;;;;"27";"false";;;;"test";"test"
"c1362b6c-801c-4b14-8a09-df18c6aa5cb9";"Zxgwxjw";;"Rqrttr";"Male";"05-03-1951";;;;;;;;"28";"false";;;;"test";"test"
"8211dda9-a820-4135-aa28-8b5e9e7501cb";"Hnznxr";;"Ztrlwx";"Female";"05-06-2010";;;;;;;;"29";"false";;;;"test";"test"
"ca17203e-3436-4a5a-8c1a-e7de8ac22d8e";"Zzrjx";;"Orarto";"Male";"23-05-1942";;;;;;;;"30";"false";;;;"test";"test"
"1acc1154-bf1b-4c00-82c4-20864bf16cc8";"Pbzn";;"Mwwxrx";"Male";"04-02-1986";;;;;;;;"31";"false";;;;"test";"test"
"5430d477-3012-4966-b7f8-cbac19c203c4";"Qryns";;"Wfxxn";"Male";"04-02-1953";;;;;;;;"32";"false";;;;"test";"test"
"d3059904-283d-415c-8044-5a6b9c18bdb2";"Urqjw_Utrxpr";;"Nnxowxpr";"Male";"20-01-1994";;;;;;;;"33";"false";;;;"test";"test"
"1c242bc7-a074-459c-9d31-b35cc4f7fdb9";"Ibrx";;"Srzzjorb";"Male";"28-04-1990";;;;;;;;"34";"false";;;;"test";"test"
"22b6c1e0-80da-4912-bfa2-620122fa885d";"Qwkx";;"Yzran";"Male";"25-12-1956";;;;;;;;"35";"false";;;;"test";"test"
"6e041ec3-a270-432d-8362-b9744f3e217a";"Qwkx";;"Nrph";"Male";"07-09-1945";;;;;;;;"36";"false";;;;"test";"test"
"02abaecc-7b36-454e-9fb2-42bacd1c90c9";"Nrn";;"Sjlrhj";"Female";"26-01-1925";;;;;;;;"37";"false";;;;"test";"test"
"2867b220-5327-420a-936e-a68a632ae758";"Zxxr";;"Hnlrttr";"Female";"17-01-1954";;;;;;;;"38";"false";;;;"test";"test"
"5c480c2a-d4fd-480f-b80a-06a17635ef7c";"Vfvktwsjxn";;"Vpwxwywf";"Female";"20-06-1950";;;;;;;;"39";"false";;;;"test";"test"
"3be30db6-e191-45ad-ad01-91256db9c11d";"Kngnt_D";;"Pzjxn";"Male";"18-09-1951";;;;;;;;"40";"false";;;;"test";"test"
"5b935adb-3e18-4c35-9fae-69a88b984725";"Qnmmntb";;"Sryjzgwx";"Male";"01-01-1900";;;;;;;;"41";"false";;;;"test";"test"
"9f071228-ec5c-49e2-b302-52e23a01ed28";"Krgtjpjr";;"Xwsgrlzjw";"Female";"09-05-1934";;;;;;;;"42";"false";;;;"test";"test"
"5e9aeaba-66f8-4640-b5a1-4e7835dc1db6";"Qwkx";;"Vphrtg";"Male";"05-11-1951";;;;;;;;"43";"false";;;;"test";"test"
"e5886dae-bfe7-4dbf-865a-a18108400f65";"Swdrto";;"Gkwyrs";"Male";"01-01-1900";;;;;;;;"44";"false";;;;"test";"test"
"2be0c1e6-bdf8-49d2-a3b9-e42447c0fa75";"Swdrto";;"Gkwyrs";"Male";"19-08-1941";;;;;;;;"44";"false";;;;"test";"test"
"f75bfa4b-a3cf-4dfd-a865-3b4375493804";"Iwqntg";;"Qnmmntjns";"Male";"03-03-1943";;;;;;;;"45";"false";;;;"test";"test"
"8d13bf63-3173-4b19-bf6d-b3e9ced06184";"Qwpnzbx";;"Arqrzr";"Female";"03-08-1972";;;;;;;;"46";"false";;;;"test";"test"
"f429e095-b7cb-4684-8ee8-5afa1d14dd4e";"Tfonzjw";;"Utjnosgrog";"Male";"27-07-1936";;;;;;;;"47";"false";;;;"test";"test"
"2c8d0c16-76fc-4c79-a484-5330181a58aa";"Sryjzgwx_Vrtz";;"Ifssnzz";"Male";"03-08-1969";;;;;;;;"48";"false";;;;"test";"test"
"89931aa2-47ff-4153-be09-44f876bbf745";"Sryjzgwx_Vrtz";;"Ifssnzz";"Male";"31-08-1969";;;;;;;;"48";"false";;;;"test";"test"
"b374666d-4089-46c5-be83-b1162ad7addf";"Sryjzgwx_Vrtz";;"Ifssnzz";"Male";"31-08-2012";;;;;;;;"48";"false";;;;"test";"test"
"a13f2ccb-3b50-451b-97b3-6d8f398d0cf7";"Ytjrx";;"Nnttjyrx";"Male";"03-01-1962";;;;;;;;"49";"false";;;;"test";"test"
"74383f92-82c2-4118-8a07-98ffb915c5fe";"Mnzsj_Twyna";;"Xtfa";"Female";"24-09-1999";;;;;;;;"50";"false";;;;"test";"test"
"39f3dd89-29ab-48e1-ad81-4316f828f3a2";"Nrtjr";;"Iwotjlfna";"Female";"22-07-1933";;;;;;;;"51";"false";;;;"test";"test"
"14f8afee-f07a-4f5f-a5ac-83dbf0e94c14";"Iwqntg";;"Lsqwtxn";"Male";"28-04-1935";;;;;;;;"52";"false";;;;"test";"test"
"c58fa237-147f-4b1b-b68b-e1e75ac0bd62";"Qfrx";;"Tntywsnx";"Male";"02-12-1959";;;;;;;;"53";"false";;;;"test";"test"
"5fc97744-17b4-4be5-83d3-cb4a73a0a779";"Irxorzz_S";;"Trtrppj";"Male";"28-08-1955";;;;;;;;"54";"false";;;;"test";"test"
"6dbccb85-594b-4b58-baa9-e8d1865b0fc7";"Zzzrx";;"Wwyrsk";"Male";"18-09-1942";;;;;;;;"55";"false";;;;"test";"test"
"ce8beaa9-3ce3-408d-af31-9806ce6a1c74";"Iwxrzo";;"Drzhnt";"Male";"12-10-1939";;;;;;;;"56";"false";;;;"test";"test"
"0f3a3d2b-36bb-47a0-ba1e-830ce68aad6a";"Wrtnx";;"Djzont";"Male";"01-10-1966";;;;;;;;"57";"false";;;;"test";"test"
"64f54356-41aa-4b06-abba-6d2a69e7ceee";"Iwqntg";;"Wnlrsgwx";"Male";"06-07-1968";;;;;;;;"58";"false";;;;"test";"test"
"bab54a7e-9872-4924-ae72-210812a7a0de";"Qryns";;"Xktjsgjrxswx";"Male";"14-06-1946";;;;;;;;"59";"false";;;;"test";"test"
"ec77ee5a-fdab-420c-ab2f-be83596f9049";"Zxjgr";;"Xkftvnh";"Female";"26-10-1945";;;;;;;;"60";"false";;;;"test";"test"
"b402f559-1254-4793-9988-1f0fa43cd80c";"Ejtljxjr";;"Wnrswx";"Female";"01-04-1941";;;;;;;;"61";"false";;;;"test";"test"
"7d59141e-68c3-41e7-8d70-774c3ebf6d3a";"Zkyro";;"Gnktrxj";"Male";"17-09-1942";;;;;;;;"62";"false";;;;"test";"test"
"6093bf02-b180-4feb-896a-079370769bd4";"Qwkx_Iwlnt";;"Hfzzjerx";"Male";"18-01-1936";;;;;;;;"63";"false";;;;"test";"test"
"b8dc08fd-afdd-444a-bf63-f026186d3bc7";"Srtwzo";;"Pwnvvn";"Male";"25-10-1953";;;;;;;;"64";"false";;;;"test";"test"
"5c089b89-8cc9-458f-a7f3-13090bb2d379";"Irzvk";;"Wnyrjw";"Male";"28-06-1947";;;;;;;;"65";"false";;;;"test";"test"
"ca7ed8ca-d545-4364-92b7-49292a142c4b";"Hrgjxont";;"Mjiirt";"Female";"10-06-1961";;;;;;;;"66";"false";;;;"test";"test"
"9902bdab-0c4e-4ddf-8a15-64e20f7bffab";"Qryns";;"Pjxl";"Male";"03-07-1941";;;;;;;;"67";"false";;;;"test";"test"
"9c22df22-7521-4e71-bc53-5fce4e9a5449";"Mrxpb";;"Xrzywfx";"Female";"23-01-1937";;;;;;;;"68";"false";;;;"test";"test"
"eae08e98-baa1-4182-a624-632c47d2db50";"Nrtjzbx";;"Qfxhnt";"Female";"31-01-1930";;;;;;;;"69";"false";;;;"test";"test"
"ef0a8128-3ea4-4b86-bed9-e8b8d865e54a";"Wnqtr";;"Tjzzjzrxo";"Female";"10-08-1959";;;;;;;;"70";"false";;;;"test";"test"
"4fbd283f-513f-49c1-ac30-5c63ba1d2a46";"Krgtjpjr";;"Kngntswx";"Female";"07-12-1942";;;;;;;;"71";"false";;;;"test";"test"
"0d157771-0e4c-414e-90de-e38e159e6404";"Ttnlwtb";;"Xzrth";"Male";"07-06-1953";;;;;;;;"72";"false";;;;"test";"test"
"7e2c6e39-7299-40ec-92d3-490373a913d9";"Zqofz_Zaja";;"Zzhkrzmrx";"Male";"01-05-1947";;;;;;;;"73";"false";;;;"test";"test"
"7c13166e-d283-4605-9cbc-8d05f66281ff";"Uf-Gjx";;"Nrx";"Male";"02-12-1939";;;;;;;;"74";"false";;;;"test";"test"
"b2ef3ef2-2773-43d3-8fdf-2ef43f6026ba";"Hkrtwx";;"Inanxons";"Female";"06-10-1938";;;;;;;;"75";"false";;;;"test";"test"
"d1e30563-848e-4650-955e-84bb91795cfa";"Hgnvknx";;"Dnsgpwgg";"M";"21-01-1954";;;;;;;;"76";"false";;;;"test";"test"
"f7473e61-983c-4891-8c75-f0dfeef47a57";"Vssnxpn";;"Gfphnt";"Female";"19-06-1997";;;;;;;;"77";"false";;;;"test";"test"
"953c9cf9-acca-48cf-85c9-8111da1342fe";"Qryjzr";;"Lxnrz";"Female";"25-08-1986";;;;;;;;"79";"false";;;;"test";"test"
"8a40402d-6d06-47d8-b7ff-436ba1335603";"Wrhwft";;"Qwfyrxr";"Female";"18-09-1977";;;;;;;;"80";"false";;;;"test";"test"
"90d1109e-af5d-4d5a-8480-56fcb0673d74";"Qnmm";;"Nrzrersjp";"Male";"29-08-1947";;;;;;;;"81";"false";;;;"test";"test"
"1142a57e-d395-448f-bb99-6ef72245b46c";"Xzrth";;"Uwsgnt";"Male";"01-05-1952";;;;;;;;"82";"false";;;;"test";"test"
"8b067cad-9034-4bd7-afb8-50127f0cde0c";"Dkjgxnb_Xrtr";;"Srxsnx";"Female";"16-08-1991";;;;;;;;"83";"false";;;;"test";"test"
"e06f0a47-f9bc-4093-8da9-35a9a8158b0d";"Dkjgxnb_Xrtr";;"Srxsnx";"Female";"16-08-1991";;;;;;;;"83";"false";;;;"test";"test"
"b899ffe6-f031-4c33-bbc8-d38902ee1113";"Hryfnz";;"Ynxswx";"Male";"15-03-1935";;;;;;;;"84";"false";;;;"test";"test"
"57e2425e-2b79-4a85-b934-74a4feac88dd";"Ytfpn";;"Erdgnt";"Male";"06-11-1984";;;;;;;;"85";"false";;;;"test";"test"
"bb0c4211-07ef-4231-a739-938de1202a5b";"Rsrqnzzr_Ttrpn";;"Dnqsgnt";"Female";"13-03-2007";;;;;;;;"86";"false";;;;"test";"test"
"10ba7074-fe41-4707-b81e-3f2c1b3449dc";"Nrswx";;"Swzyrx";"Male";"13-12-2012";;;;;;;;"87";"false";;;;"test";"test"
"c0b371e7-13b1-4af2-856b-bd0234caccbf";"Ordtnxpn";;"Hyjgk";"Male";"22-09-1949";;;;;;;;"88";"false";;;;"test";"test"
"2e2de374-5a51-4845-8db1-ec758cb62d84";"Hryfnz";;"Ywgsgnjx";"Male";"04-03-1993";;;;;;;;"89";"false";;;;"test";"test"
"ce6201d2-c1ae-42aa-aec3-104a56311397";"Hwxbr";;"Drttnx";"Female";"16-03-1971";;;;;;;;"90";"false";;;;"test";"test"
"7031b339-38b3-4398-b54f-c0f665c447aa";"Ijpkrto";;"Zqtryswx";"Male";"24-07-1945";;;;;;;;"91";"false";;;;"test";"test"
"2731fa8b-fb7b-4bb4-a7c6-d22e02905532";"Vzjarqngk";;"Zxontswx";"Female";"26-03-1952";;;;;;;;"92";"false";;;;"test";"test"
"9a3f5c3c-8e7a-45af-853e-dc084408227d";"Urjsrz_Urkro";;"Zzswqrjrn";"Male";"29-05-1994";;;;;;;;"93";"false";;;;"test";"test"
"0a6a19eb-1134-4eca-8665-aa5bdb97ac20";"Qntwyn";;"Twzosgnjx";"Male";"24-07-1932";;;;;;;;"94";"false";;;;"test";"test"
"816daff0-5a3b-4db0-9eb8-8219435a87d5";"Ojxor";;"Vrsgntqtwwh";"Female";"15-06-1944";;;;;;;;"95";"false";;;;"test";"test"
"c26ca2a8-a9b1-4c8e-abc0-61e064214ad0";"Srtbrxgj";;"Nfzjrdrx";"Female";"13-02-1975";;;;;;;;"96";"false";;;;"test";"test"
"e0a4a64d-7785-4956-acb9-fa71a7d97ad8";"Xkrtzns";;"Xzrth";"Male";"29-07-1955";;;;;;;;"97";"false";;;;"test";"test"
"011d2286-37a6-4c37-84e3-2f870df6f9da";"Xkrtzns";;"Xzrth";"Male";"29-07-1955";;;;;;;;"97";"false";;;;"test";"test"
"47e19114-4728-415f-aa43-befdcb4cb8d3";"Mjpkwzrs";;"Krxnggr";"Male";"26-11-1996";;;;;;;;"98";"false";;;;"test";"test"
"d0ac3a92-ca5b-4866-a162-ebf18187a677";"Qwsnvk";;"Brggnrf";"Male";"01-01-1900";;;;;;;;"99";"false";;;;"test";"test"
"ddda4ebb-1172-46f6-a781-f5594b79a3a6";"Qwtnzbs";;"Wn_Qnsfs";"Female";"26-07-2012";;;;;;;;"100";"false";;;;"test";"test"
"b9625d3e-cdfd-450b-81fb-cfbac89628ea";"Wwxxr_Onn";;"Gkwyrs";"Female";"01-06-1944";;;;;;;;"101";"false";;;;"test";"test"
"e5a77284-2a04-47a8-bfb6-673dc17bcd92";"Wnxxjs";;"Snrzb";"Male";"03-09-1954";;;;;;;;"102";"false";;;;"test";"test"
"5a5eb5dd-3d35-43a1-925a-52a74f8988a7";"Iwxrzo";;"Tjzqntg";"Male";"30-07-1946";;;;;;;;"103";"false";;;;"test";"test"
"0c0d89dc-3d73-4a75-af90-10c7f1f5fc04";"Pjyqntzb";;"Xjsxntws-Sntxrxona";"Female";"23-07-2015";;;;;;;;"104";"false";;;;"test";"test"
"fd1ebd92-eba6-4367-91c5-67a035565ef7";"Pjyqntzb";;"Xjsxntws_Sntxrxona";"Female";"23-07-1995";;;;;;;;"104";"false";;;;"test";"test"
"4f6ade2d-722d-4f98-9d0b-8a874f98a04d";"Pjyqntzb";;"Xjsxntws-Sntxrxona";"Female";"23-07-1995";;;;;;;;"104";"false";;;;"test";"test"
"571f9a22-79d2-4521-af0c-fb1310771ceb";"Nbtr";;"Xwpkxrt";"Female";"12-04-1945";;;;;;;;"105";"false";;;;"test";"test"
"b7570b3a-dcef-4c66-abd3-9f43f80a5870";"Njpkrnz";;"Yrjznb";"Male";"24-03-1940";;;;;;;;"106";"false";;;;"test";"test"
"04ae6e3c-92b9-4893-928e-81fac1c05037";"Nrtpfs_O";;"Djnxhn";"Male";"23-04-1989";;;;;;;;"107";"false";;;;"test";"test"
"6409bd26-ab3e-4f1b-8f99-6d4d42cc03c1";"Zxgkwxb";;"NpXrzz";"Male";"12-06-1946";;;;;;;;"108";"false";;;;"test";"test"
"9064c71e-0925-4b1f-bc58-cfce7132382b";"Qnxxjmnt";;"Ertnzr";"Female";"02-01-1972";;;;;;;;"109";"false";;;;"test";"test"
"1930e900-0bc3-4b7a-9379-83ce6171b6da";"Pjv";;"Nrtgjx";"Male";"01-01-1900";;;;;;;;"110";"false";;;;"test";"test"
"845b27dd-f254-4d6a-9ebe-bdd1e160dfce";"Wnyrtpfs";;"Kwdnts";"Male";"07-05-1999";;;;;;;;"111";"false";;;;"test";"test"
"2b5b4183-1658-48a9-81a9-f3e977accf7a";"Xrtwz";;"Pnxxnob";"Female";"06-11-1937";;;;;;;;"112";"false";;;;"test";"test"
"9796135e-4304-4e5b-a952-555dc46bf6b5";"Nwbsnb";;"Erbxqntl";"Male";"01-01-1900";;;;;;;;"113";"false";;;;"test";"test"
"a94ff1a2-a5b9-4142-871a-0722e80829ff";"Iwqntg";;"Nrtpfs";"Male";"25-03-1943";;;;;;;;"114";"false";;;;"test";"test"
"01ddcf0a-f08d-495c-b6d0-7c0ca5a3df4f";"Irbywxo";;"Yrppknggj";"Male";"09-01-1934";;;;;;;;"115";"false";;;;"test";"test"
"499714a3-a387-4afc-843d-887108bb2784";"Yngtnor";;"Trjxns";"Female";"13-11-1964";;;;;;;;"116";"false";;;;"test";"test"
"6728af33-1b85-42b2-971e-010841aa245e";"Nrtb";;"Yjtzn";"Female";"10-08-1937";;;;;;;;"117";"false";;;;"test";"test"
"6fba5aa1-b62d-4e2f-a418-97414c9762b3";"Qnrxxjxn";;"Innpn";"Female";"01-05-1951";;;;;;;;"118";"false";;;;"test";"test"
"0b3987ef-c597-4192-8885-d7d7d7748cdb";"Rsyrnz";;"Ertlrs";"Male";"21-05-1997";;;;;;;;"119";"false";;;;"test";"test"
"bc2ea7aa-47b7-4464-b256-b63e51d04393";"Krynzr";;"Gsrj";"Female";"20-09-1966";;;;;;;;"120";"false";;;;"test";"test"
"dd6953ca-0410-4ef4-9006-180bc6a03653";"Vzznx";;"Ytwdx";"Female";"05-04-1955";;;;;;;;"121";"false";;;;"test";"test"
"b006f0ac-2abe-4a90-95ff-be1fcc81bb9a";"Ztzjss";;"Orxldnzz";"Male";"21-02-1933";;;;;;;;"122";"false";;;;"test";"test"
"102e6425-cc45-474c-a7b5-1d3b81329de8";"Nwxjpr";;"Owvna";"Female";"01-01-1900";;;;;;;;"124";"false";;;;"test";"test"
"7096bcd1-0029-4c72-874b-7cf055b35371";"Snrgknt";;"Ldnxs";"Female";"22-10-1978";;;;;;;;"125";"false";;;;"test";"test"
"b38ced0b-7574-4882-b41b-9e82b36e040d";"Gwxb";;"Hpwgg";"Male";"22-03-1944";;;;;;;;"126";"false";;;;"test";"test"
"ccc44281-c463-4f8f-976d-2f846a806097";"Qfsgjx";;"Xwxonejzzryrt";"Male";"23-11-2002";;;;;;;;"127";"false";;;;"test";"test"
"34ae1f61-3dc3-44a0-92a2-05ac3ee8b99e";"Rtyr";;"Owxlwtjr";"Female";"29-04-1953";;;;;;;;"128";"false";;;;"test";"test"
"644d8167-1e5f-437d-9246-998c9bce48a3";"Utrxpjspr";;"Kntna";"Female";"20-04-1997";;;;;;;;"129";"false";;;;"test";"test"
"5a81024d-4c8f-4a49-918b-ed1cfd8aaf12";"Ttrpjr";;"Tfxrdrx";"Female";"18-11-1996";;;;;;;;"130";"false";;;;"test";"test"
"e60b080e-5676-4884-b299-f7dd1ac7ff26";"Gntnsr";;"Wnowtn";"Female";"21-10-1994";;;;;;;;"131";"false";;;;"test";"test"
"6ba200af-a0f5-49f3-ad6a-56b52d7cad1e";"Wjrxn";;"Xrto";"Female";"01-01-1900";;;;;;;;"132";"false";;;;"test";"test"
"4c78f65f-b942-427a-8ffd-187c484167a8";"Pb";;"Mlfbnx";"Male";"28-06-1980";;;;;;;;"133";"false";;;;"test";"test"
"cba7befd-053b-478f-ba48-1518bb3d67d3";"Yngk";;"Ywoj";"Female";"23-05-1972";;;;;;;;"134";"false";;;;"test";"test"
"968fd1d2-9b5c-4dd5-b056-f57260b5a5b0";"Nrtb";;"Swzlfjx";"Female";"15-11-1946";;;;;;;;"135";"false";;;;"test";"test"
"15f7e6e7-cd34-436e-9362-3dbda16df7c1";"Nrtgkr";;"Ofxr";"Female";"29-07-1947";;;;;;;;"136";"false";;;;"test";"test"
"5ce55347-d2ad-4e93-9644-07ecdd8cb440";"Bfakn";;"Sn";"Female";"27-04-1976";;;;;;;;"137";"false";;;;"test";"test"
"11f7a687-642a-4246-9727-12ccc299687e";"Wwyjxjpr";;"Nrlzrsrxl";"Female";"14-03-1976";;;;;;;;"138";"false";;;;"test";"test"
"2b48e2c2-fc8a-4367-8ba8-75b790dfe749";"Nrtb";;"Ywzrxo";"Female";"19-02-1959";;;;;;;;"139";"false";;;;"test";"test"
"c2a57b21-df6e-441d-9482-eb742b616a45";"Vltjsnzor";;"Nnotrxw";"Female";"18-07-1945";;;;;;;;"140";"false";;;;"test";"test"
"d8da76af-3dd2-4d70-9a33-86821b12bb9c";"Tzwtjr";;"Iwotjlfna";"Female";"06-11-1988";;;;;;;;"141";"false";;;;"test";"test"
"28e13ff6-6479-4ff0-8363-9aa825bc1a52";"Krqzw_H.";;"Hrxgws";"Male";"20-12-1974";;;;;;;;"142";"false";;;;"test";"test"
"291c48e5-21bf-435d-aaf8-0b05502f6cd5";"Nrtb_Qfxn";;"Dkjgywbnt";"Female";"18-08-1948";;;;;;;;"143";"false";;;;"test";"test"
"8f54cd2b-54dc-4963-a9d4-f657f43e650f";"Ytbrx";;"Lzsnx";"Male";"06-10-1964";;;;;;;;"144";"false";;;;"test";"test"
"bcb44fb5-51a3-4915-b348-f8181ceab64c";"Qrufnzjx";;"Rqrxna-Nntprow";"Female";"22-06-2001";;;;;;;;"145";"false";;;;"test";"test"
"26aeb439-cbfd-42cb-8cb8-8cf11261f410";"Kjrtojv";;"Qwkrz";"Male";"24-10-1964";;;;;;;;"146";"false";;;;"test";"test"
"683deee9-f9c7-4ea0-922d-466ab22c77a0";"IVSNZM";;"PSZORW";"Male";"01-01-1900";;;;;;;;"147";"false";;;;"test";"test"
"b8f40135-c9e2-4247-badb-156c75a31c2f";"Prtjssr_Iwsn";;"Twdnx";"Female";"11-07-1989";;;;;;;;"148";"false";;;;"test";"test"
"9c4b512e-33bb-4427-af92-7ec4d1a3af88";"Gnttb_Qwxrgkrx";;"Llzn";"Male";"24-05-1960";;;;;;;;"149";"false";;;;"test";"test"
"d01d598d-0af9-4f50-971f-740998117866";"Hfsrx_Hyjgk";;"Zqqrgn";"Female";"02-05-1955";;;;;;;;"150";"false";;;;"test";"test"
"c412d979-32a3-4766-a3c0-286a85c691e1";"Gsnorzn_Pjorxn";;"Dwzonbsfs";"Female";"22-09-1976";;;;;;;;"151";"false";;;;"test";"test"
"122dc085-72f4-4e44-bea8-489e67e29a3c";"Hfsrx";;"Trzzw";"Female";"26-12-1951";;;;;;;;"152";"false";;;;"test";"test"
"de77a49a-c328-42cb-86b8-30e24b13ef7b";"QwZxxn";;"Snxontswx";"Female";"01-01-1900";;;;;;;;"153";"false";;;;"test";"test"
"80eda7f7-db2d-4555-9e43-437bcb0159ec";"Zzqntgw";;"Ofgyrx";"Male";"27-01-1980";;;;;;;;"154";"false";;;;"test";"test"
"f8e67174-f939-413e-aaf2-2eff8b3774a0";"Pnejx";;"Ytww";"Male";"27-05-1959";;;;;;;;"155";"false";;;;"test";"test"
"859bd18d-0e44-4de3-8789-d3498484462f";"Hkntwxn";;"Ijns";"Female";"20-05-1941";;;;;;;;"156";"false";;;;"test";"test"
"63eaa3b8-2981-49b6-9b11-67a83dca136f";"Xkrtqnz_Pkrjt";;"Prtnk";"Male";"28-12-1957";;;;;;;;"157";"false";;;;"test";"test"
"67458ba6-00ec-4a01-8f5b-142cee31637b";"Snxtb";;"Gwert";"Male";"19-11-1956";;;;;;;;"158";"false";;;;"test";"test"
"635cd3e0-b679-4658-9223-694d47db8c51";"Tnwtln";;"Hyjgk";"Male";"24-08-1950";;;;;;;;"159";"false";;;;"test";"test"
"a7bee92c-6bc2-4819-8349-cc67283a35ef";"Prtnx";;"Zorys-Twzoqntl";"Female";"01-10-1958";;;;;;;;"160";"false";;;;"test";"test"
"33a65710-cd49-420e-aa15-157a0e668acd";"Zrtwx";;"Xknfxl";"Male";"01-06-1993";;;;;;;;"161";"false";;;;"test";"test"
"3401cdec-163b-41ec-9296-445b5c7f7e4f";"Ttngr";;"Lqntkwmnt";"Female";"17-02-2013";;;;;;;;"162";"false";;;;"test";"test"
"3e97cde6-aea3-4334-a499-846d880742b4";"Djzmtnow";;"Anvnor";"Male";"27-12-1961";;;;;;;;"163";"false";;;;"test";"test"
"29cfc74e-57ab-4aec-ae41-9c51c191944b";"Trqtjnz";;"Ijentr";"Male";"09-07-2006";;;;;;;;"164";"false";;;;"test";"test"
"fb0540d4-3780-4152-adea-4c31d30e4c03";"Trqtjnz";;"Ztbrj_Ijentr";"Male";"09-07-2006";;;;;;;;"164";"false";;;;"test";"test"
"d21196df-555b-45ec-bfa4-77fec02cc4f4";"Mrxpb";;"Djzswx";"Female";"15-05-1952";;;;;;;;"165";"false";;;;"test";"test"
"49c323a5-ba31-4636-9675-fca6dc12d25b";"Kkjzjv";;"Ytrentyrx";"Male";"12-05-1936";;;;;;;;"166";"false";;;;"test";"test"
"1375d296-4ba7-4c98-bb52-cb4413cba2ba";"Utrxhzjx";;"Wnanzz";"Male";"03-04-2002";;;;;;;;"167";"false";;;;"test";"test"
"340fc57e-20fb-496c-b807-e802fe892b74";"Zzwbs";;"Drtgxnt";"Male";"16-10-1942";;;;;;;;"168";"false";;;;"test";"test"
"6676fed7-151c-4ba0-9573-8ce196d47d6d";"Ftjnz";;"Vsvjxowzr";"Male";"30-08-1968";;;;;;;;"169";"false";;;;"test";"test"
"68155f06-c9d5-45bc-ab4c-3967394cecef";"Qrswx";;"Xrtgnt";"Male";"22-11-1987";;;;;;;;"170";"false";;;;"test";"test"
"9f361cbf-cccb-45fc-9f51-43847cf59f11";"Hgnzzr";;"Fsjrh";"Female";"05-06-2003";;;;;;;;"171";"false";;;;"test";"test"
"f7d56be3-2fa3-4203-9c48-f6cb38d70c7d";"Njpkrnz";;"Hgnvknxswx";"Male";"28-10-1952";;;;;;;;"172";"false";;;;"test";"test"
"5039b135-471d-4cae-b31c-5010e8672c0f";"Qwtln";;"Xrzryrgw";"Male";"04-02-1950";;;;;;;;"173";"false";;;;"test";"test"
"3f123f21-5057-4584-9859-cfcf9a0e48b6";"Vodrto";;"Yrttrzz";"Male";"08-12-1934";;;;;;;;"174";"false";;;;"test";"test"
"b58da0dd-dcf6-4f9b-b38f-b0a4fd2cf5f1";"Hgnvkrxjn";;"Wrfnt";"Female";"22-10-1961";;;;;;;;"175";"false";;;;"test";"test"
"6250d76e-60d5-4de3-b584-c1dfdbfabd2d";"Qwkx";;"Prw";"Male";"16-01-1933";;;;;;;;"176";"false";;;;"test";"test"
"d73b6391-68f7-4aff-a9f9-49f21bee403d";"Ytjwxxr";;"Krbxn";"Female";"13-10-1993";;;;;;;;"177";"false";;;;"test";"test"
"e31de43a-8dce-44df-b0a9-d5e0ffbee73d";"Gno";;"Grtqng";"Male";"23-03-1953";;;;;;;;"178";"false";;;;"test";"test"
"f8c5784e-17e2-4aa7-89ee-034a8d18f03a";"Mjpkwzrs";;"Xwxdrb";"Male";"23-04-1934";;;;;;;;"179";"false";;;;"test";"test"
"f546d779-994f-4d93-93d5-0df9f8064d3e";"Qryns";;"Kwfzws";"Male";"20-05-1944";;;;;;;;"180";"false";;;;"test";"test"
"dca76a78-f8e4-49cb-91af-13423c30ac31";"Lserzow";;"Yflrtjx";"Male";"15-02-1976";;;;;;;;"181";"false";;;;"test";"test"
"0cc74a7a-bbfe-44b0-9bf4-418353c525f4";"Mrxpb";;"Zzznx";"Female";"07-06-1968";;;;;;;;"182";"false";;;;"test";"test"
"30361002-bba8-4b4e-abc5-2a83e7240b1d";"Kngnt";;"Ttnyngg";"Male";"17-12-1970";;;;;;;;"183";"false";;;;"test";"test"
"c0e5a8e2-8bfa-45d4-9c42-d43f5871ff87";"Zzwtr";;"Tryngcw";"Female";"28-07-1992";;;;;;;;"184";"false";;;;"test";"test"
"4491ac20-1fd2-4b62-b3c2-2de749a4069e";"Zznc";;"Nrxx";"Male";"19-09-1968";;;;;;;;"185";"false";;;;"test";"test"
"8f9279c1-1202-4caf-b379-a40d464bc090";"Wrejo";;"Hgrxznb";"Male";"01-05-1970";;;;;;;;"186";"false";;;;"test";"test"
"550843f2-910e-4ac5-9230-a4d78913ff77";"Kngnt";;"Hjnlnz";"Male";"24-03-1950";;;;;;;;"187";"false";;;;"test";"test"
"a8f510e4-df08-4413-bc82-2a59646417a2";"Wrejo_Qwkx";;"Snxotjphswx";"Male";"16-07-1955";;;;;;;;"188";"false";;;;"test";"test"
"f03ef605-d594-44ca-b9f6-b9736236b0ea";"Vrtz";;"Dnganz";"Male";"22-12-1946";;;;;;;;"189";"false";;;;"test";"test"
"f437919a-45ee-47cb-812f-359ca557ad3f";"Ytnxg";;"Xtrqzn";"Male";"03-02-1945";;;;;;;;"190";"false";;;;"test";"test"
"9be97bae-9c3e-4498-9214-fbd8cf2ee8f2";"Trznx";;"Hnrz";"Male";"08-04-1932";;;;;;;;"191";"false";;;;"test";"test"
"822f7448-6a31-4b1b-a9f8-6596c10624b7";"Xrsnb";;"Yrbznss";"Male";"27-04-2005";;;;;;;;"192";"false";;;;"test";"test"
"3607eed4-7fed-4b2f-9053-28e8c901d04e";"Pnejx";;"Nrtont";"Male";"08-11-1956";;;;;;;;"193";"false";;;;"test";"test"
"fa584a67-26ca-4395-beba-93cd6f1c824e";"Hnrx";;"Swwent";"Male";"22-09-1986";;;;;;;;"194";"false";;;;"test";"test"
"2c63562e-c6c2-41cd-8bf5-f1cbb8ec258b";"Hnrx";;"Swwent";"Male";"22-09-1986";;;;;;;;"194";"false";;;;"test";"test"
"d12dbae6-8820-4896-82dc-f307f5df5424";"Qwsnvk";;"Onllnggn";"Male";"03-08-1952";;;;;;;;"195";"false";;;;"test";"test"
"8c5c182d-fbea-45db-8131-48ac26f49664";"Qwkx_Djzzjry";;"Hfzzjerx";"Male";"11-11-1969";;;;;;;;"196";"false";;;;"test";"test"
"fa600fa1-cd2d-40c3-bc87-c9da620e69c5";"Gbznt";;"Gbswx";"Male";"08-03-1992";;;;;;;;"197";"false";;;;"test";"test"
"8b422cb5-6537-4efa-a735-b4df58ac5a46";"Hwvkwtx";;"Pkerx";"Female";"03-05-1976";;;;;;;;"198";"false";;;;"test";"test"
"f6a16821-4434-4c45-a4c8-da3eebfa2707";"Hknjzrk";;"Tftnejpk";"Female";"24-10-1961";;;;;;;;"199";"false";;;;"test";"test"
"6e542d3d-11d5-414b-a1b5-a06ce1088127";"Orftr";;"Wjnlw-Hrxgjrlw";"Female";"17-05-1985";;;;;;;;"200";"false";;;;"test";"test"
"9ecc9630-62ba-43d3-920c-0ecb0748d9fc";"Ptjsgjx";;"Pznjxkwmnt";"Female";"21-05-1974";;;;;;;;"201";"false";;;;"test";"test"
"adb9afa6-d108-41ec-99a0-4f236938b02d";"Wrxxb";;"Uzwtns";"Male";"02-08-1990";;;;;;;;"201";"false";;;;"test";"test"
"b2b0dbd9-6849-4a9f-bb72-f203c3cb5086";"Pnxxngk";;"Wwznxrh";"Male";"24-05-1962";;;;;;;;"202";"false";;;;"test";"test"
"c35f8fd2-e2f2-4ea3-a512-9910142bb224";"Wrxxb";;"Uzwtns";"Male";"02-08-1990";;;;;;;;"203";"false";;;;"test";"test"
"5cc90f6d-6641-4244-8f6b-45d6c109ac93";"Xzrfon";;"Yrxxjph";"Male";"12-04-1950";;;;;;;;"204";"false";;;;"test";"test"
"04c5c9af-76ca-414f-8f6b-43678c6de334";"Irywx";;"Hwzrxw";"Male";"29-10-1932";;;;;;;;"205";"false";;;;"test";"test"
"8c074b02-de68-4b5b-bf07-76b01496f67a";"Hgnvkrxjn";;"Hprlzjwggj";"Female";"17-11-1987";;;;;;;;"206";"false";;;;"test";"test"
"749b43ec-e9b5-4b95-84f5-8e30fafcc185";"Obxx";;"Yfsk";"Female";"06-12-1947";;;;;;;;"207";"false";;;;"test";"test"
"9b4e2d7e-9039-4c7b-9067-1dedf562b0a8";"Yrtqrtr";;"Zzzrto";"Female";"02-06-1937";;;;;;;;"208";"false";;;;"test";"test"
"7a5ade0d-5988-48b8-b1e5-2f91615aa2ba";"Qrttb";;"Akwf";"Male";"23-02-2005";;;;;;;;"209";"false";;;;"test";"test"
"a01eecf3-6e76-40c8-ac6b-ee2e34ca4475";"Orttb";;"Dwzm";"Male";"25-10-1948";;;;;;;;"210";"false";;;;"test";"test"
"7ad16c6e-c99f-4034-bbdd-77fbc8da9d42";"Srttb";;"Gwvvjxl";"Male";"04-05-1950";;;;;;;;"211";"false";;;;"test";"test"
"e4d21888-08c3-4ef2-aecb-9668de1d9102";"Hkjywx";;"Ywftsj";"Male";"12-08-1976";;;;;;;;"212";"false";;;;"test";"test"
"a18a7d0c-e46a-4f88-a686-487e6941e5b5";"Iwlnt";;"Ttnhjx";"Male";"07-03-1944";;;;;;;;"213";"false";;;;"test";"test"
"56ebde46-60af-45dd-9d1f-4a720c763d69";"Wrejo";;"Nrxkrtog";"Male";"28-12-1961";;;;;;;;"214";"false";;;;"test";"test"
"7250f9a5-486a-45d1-88ef-de0888318630";"Erxnssr_Iwsr";;"Ytjxh";"Female";"12-07-1974";;;;;;;;"215";"false";;;;"test";"test"
"7ec0cc78-5e59-454b-89e0-7d1dafa47b61";"Xwtonz";;"Nrggknds";"Male";"14-06-1981";;;;;;;;"216";"false";;;;"test";"test"
"d264eb8a-8860-47c6-ba64-d7ea9cd13495";"Xtrjl";;"Hgrths";"Male";"10-04-1972";;;;;;;;"217";"false";;;;"test";"test"
"fd0efe84-fd0c-4c1f-9d3a-740738939af5";"Pnjgk";;"Tfjxx";"Male";"12-02-1966";;;;;;;;"218";"false";;;;"test";"test"
"cb4c39a9-75e2-4978-8c53-6545fcd37f7e";"Gwyyjn";;"Qwxns";"Male";"30-11-1952";;;;;;;;"219";"false";;;;"test";"test"
"baaa7c2a-7b80-4a07-8de9-f960b27a434a";"Wnrx";;"Dnsg";"Male";"07-09-1957";;;;;;;;"220";"false";;;;"test";"test"
"42a9dfbc-e99a-4064-9a3a-d5fd4715c052";"Grjaw";;"Brsfgrhn";"Male";"02-06-1950";;;;;;;;"221";"false";;;;"test";"test"
"bdb12007-10ff-4f55-8473-cbeabf37c81b";"Kngnt";;"Srxswx";"Male";"12-03-2004";;;;;;;;"222";"false";;;;"test";"test"
"fc4c38b2-77b5-4cfc-80e8-d2fcda3daaf6";"Kngnt";;"Wtwao";"Male";"02-03-1972";;;;;;;;"223";"false";;;;"test";"test"
"13249116-d235-42eb-9a98-31b52bd32691";"Xktjsgjxn";;"Xwtxngg";"Female";"02-06-1966";;;;;;;;"224";"false";;;;"test";"test"
"542fdb5f-c0cc-494f-b163-38e212838c1e";"Ijpkrto";;"Hrtlnxg";"Male";"02-08-1933";;;;;;;;"225";"false";;;;"test";"test"
"89fc150f-aece-4f95-ae20-9ecf6bf304c9";"Zxxr";;"Xkwf";"Female";"10-07-1990";;;;;;;;"226";"false";;;;"test";"test"
"a634c317-5cbd-4c5c-ab2c-f84a8791f553";"Trtb";;"Ttrb";"Male";"14-12-1945";;;;;;;;"227";"false";;;;"test";"test"
"bb48e239-5c4b-4381-ae7e-0ef6b63794ce";"Nrtjr";;"Gwttns_on_Arerzr";"Female";"20-08-1939";;;;;;;;"228";"false";;;;"test";"test"
"b436fd3e-2e10-4c86-9639-fc929820c415";"Qwkx";;"Srlnx";"Male";"05-11-2000";;;;;;;;"229";"false";;;;"test";"test"
"6d42efc3-7d25-4ffa-a67f-499bfb755841";"Ttrxg";;"Nrxxjxl";"Male";"03-06-1979";;;;;;;;"230";"false";;;;"test";"test"
"0e2a343e-03af-499a-a39b-14a3ef9c3bb0";"Ejxpnxg";;"Njzrxns";"Male";"30-01-1997";;;;;;;;"231";"false";;;;"test";"test"
"ca48f35a-d11b-4f20-8a52-ab79bf100dea";"Hfaj";;"Kngntswx";"Female";"25-10-1961";;;;;;;;"232";"false";;;;"test";"test"
"f859b181-916d-4548-9847-904fb7c0bdd8";"Xbxgkjr";;"Njzznt";"Female";"18-11-1946";;;;;;;;"233";"false";;;;"test";"test"
"bed26e16-7570-4036-90c1-387cbaae2f22";"Wrejo";;"Swtskry";"Male";"11-03-1960";;;;;;;;"234";"false";;;;"test";"test"
"7854d2de-d715-498e-b39d-56c1156dffb5";"Nriwt";;"Zorys";"Male";"09-10-2012";;;;;;;;"236";"false";;;;"test";"test"
"9107f4aa-8897-4b45-ab18-83348ec92a0e";"Qryns_Zzznx";;"Xwc";"Male";"05-07-1946";;;;;;;;"237";"false";;;;"test";"test"
"63297294-3bf9-40d1-932b-0bd0029dc240";"Pnejx";;"L'xnjz";"Male";"04-08-1979";;;;;;;;"238";"false";;;;"test";"test"
"3891a174-b415-4472-9191-ad5e244f0191";"Yront_Zqofz_Zaja";;"Zz_Wwdrjkj";"Male";"30-03-1999";;;;;;;;"239";"false";;;;"test";"test"
"eff941c8-2d10-48b9-97ed-6b6bc07916d7";"Wndrbxn";;"Qwkxswx";"Male";"20-01-1972";;;;;;;;"240";"false";;;;"test";"test"
"bd506edc-3d80-42e6-8126-54d53bae8033";"Hrtrk";;"Qwkxswx";"Female";"24-04-1975";;;;;;;;"241";"false";;;;"test";"test"
"c8503fb5-8050-4356-a7ad-e11e3bec1832";"Wwxrzo";;"Pnxxjxl";"Male";"14-06-1963";;;;;;;;"242";"false";;;;"test";"test"
"8968b3e9-f440-4be5-81ac-8f469c95544a";"Krgtjph";;"Hrxojzrxo";"Male";"23-07-1984";;;;;;;;"243";"false";;;;"test";"test"
"d71e8bba-e081-4f67-ae7e-b87216d5999d";"Ijpkrto";;"Unntjph";"Male";"04-09-1945";;;;;;;;"244";"false";;;;"test";"test"
"8de1c242-f135-4f5e-878a-6769ff7058ba";"Zxrqnz";;"Xnojzzw";"Female";"05-09-1986";;;;;;;;"245";"false";;;;"test";"test"
"d1b5001c-25f8-4516-8cc0-23212fdbff4f";"Wwxrzo";;"Nrtgjx";"Male";"19-01-1952";;;;;;;;"246";"false";;;;"test";"test"
"33a00e67-2e74-4aec-b821-101396be473f";"Xrtwzbx";;"Lzswx";"Female";"23-01-1950";;;;;;;;"247";"false";;;;"test";"test"
"92ef6da7-df0f-4259-9a97-7809c85316f2";"Djzzjry";;"Utjphn";"Male";"11-01-1947";;;;;;;;"248";"false";;;;"test";"test"
"379946d5-838e-4eb9-af17-ff4a1b289fe9";"Awktrq";;"Wntgwtwssjrx";"Male";"25-11-1940";;;;;;;;"250";"false";;;;"test";"test"
"5df45a29-5003-4a13-8937-ac8067053a8e";"Njkrj";;"Mnonzpf";"Male";"04-08-1955";;;;;;;;"251";"false";;;;"test";"test"
"a928481c-5ded-4652-9d6c-472e8406a8ea";"Xrznq";;"Dnnts";"Male";"16-05-1991";;;;;;;;"252";"false";;;;"test";"test"
"d1bc68f0-00fb-4581-b961-59dc3ab4f588";"Sntyrx";;"Xwttronggj";"Male";"10-04-1940";;;;;;;;"253";"false";;;;"test";"test"
"449345f5-6785-444d-bdbc-6402d1ab5e8d";"Tnwtln";;"Ytwsnxxn";"Male";"08-03-1976";;;;;;;;"254";"false";;;;"test";"test"
"b1862493-f331-43a4-a593-a4f35186ef21";"Mjpkwzrs";;"Xrtgrqwxr";"Male";"02-05-1946";;;;;;;;"255";"false";;;;"test";"test"
"63aebee9-37e3-4c9f-be37-7ad031f4fb8e";"Pnxxngk";;"Hgfgahn_RRR";"Male";"09-08-1979";;;;;;;;"256";"false";;;;"test";"test"
"a5435975-3579-4b07-89b2-1eb1059465ff";"Prtnx";;"Pwnkznt";"Female";"18-02-1957";;;;;;;;"257";"false";;;;"test";"test"
"feb44336-1f88-480e-af7c-221b9a967e05";"Qwtorx";;"Ondjs";"Male";"27-03-1950";;;;;;;;"258";"false";;;;"test";"test"
"bc61b928-1628-4d3f-940c-29abc4908a2f";"Hbzejr";;"Djzqftx";"Female";"01-07-1947";;;;;;;;"259";"false";;;;"test";"test"
"f54e261f-c851-467c-beac-212932d16a87";"Xzrfojw";;"Xrsgtjzzw";"Male";"12-03-1964";;;;;;;;"260";"false";;;;"test";"test"
"fd0d7146-0914-4e15-861e-9bad4c4ffde2";"Nbttrk";;"Hkrvww";"Female";"03-10-2005";;;;;;;;"261";"false";;;;"test";"test"
"0726ca0b-f79e-42d8-9cfc-9ee5bb417234";"Wjrxn";;"Wfxzwv";"Female";"07-06-1954";;;;;;;;"262";"false";;;;"test";"test"
"180b9373-0c3d-48a9-b52e-81cf88291481";"Zxotnd";;"Ibrx";"Male";"13-10-1965";;;;;;;;"263";"false";;;;"test";"test"
"1ef417c9-304e-498e-8e89-ef9efa298d91";"Ejpgwt";;"Xkjxx";"Male";"10-11-1933";;;;;;;;"264";"false";;;;"test";"test"
"63205216-cc4d-423a-a5c6-8c89e357dfeb";"Gtfob";;"Xtbnt";"Female";"10-05-1929";;;;;;;;"265";"false";;;;"test";"test"
"36074c54-a5f8-4244-9b92-ec9959440e0b";"Yrtxnz";;"Urjz";"Male";"25-01-1969";;;;;;;;"266";"false";;;;"test";"test"
"4ce5a84c-c218-4bab-8316-e5cfde6f4acd";"Wrtpj";;"Qrphswx";"Female";"21-08-2012";;;;;;;;"267";"false";;;;"test";"test"
"f3cb2ccf-7a7a-4804-8b95-0213a79c889b";"Xktjsgjrx";;"Sryjzgwx";"Male";"20-12-2001";;;;;;;;"268";"false";;;;"test";"test"
"2ac65b9f-28ba-4b20-98bf-149389bff86a";"Rspnzzr";;"Nrpjrs";"Female";"13-07-1988";;;;;;;;"269";"false";;;;"test";"test"
"6f019b57-e71e-4995-9779-7f7f434c5cfe";"Ktfonxpn";;"Xznrtb";"Female";"06-08-1929";;;;;;;;"270";"false";;;;"test";"test"
"46bbb33c-e455-48c6-91d8-75e6671dbdda";"Rsjotw";;"Xtfa";"Male";"01-06-1930";;;;;;;;"271";"false";;;;"test";"test"
"a0e839a1-1d60-4fe7-a4a1-6c09c09f3cbc";"Ttnlwtb";;"Gknbnz";"Male";"08-03-1963";;;;;;;;"272";"false";;;;"test";"test"
"f495d636-360c-4071-9441-e66a799195ad";"Nrtznb";;"Snttntr";"Female";"21-06-1993";;;;;;;;"273";"false";;;;"test";"test"
"97c2430b-edb8-4e13-bee6-7fa0c26d43e0";"Hgnvkrxn";;"Mlw";"Male";"21-02-1971";;;;;;;;"274";"false";;;;"test";"test"
"80c88066-3c12-463f-b9f1-1d99d96555df";"Onsznn";;"Unxxnzz";"Female";"29-12-1954";;;;;;;;"275";"false";;;;"test";"test"
"5896fe4d-67b9-4637-b136-7b72fdf4b501";"Orftnx";;"Qrphswx";"Female";"19-04-1995";;;;;;;;"276";"false";;;;"test";"test"
"68c6ad23-ac00-4710-80a4-0a3825ca8cf6";"Xrtwz";;"Qrtjph";"Female";"01-01-1947";;;;;;;;"277";"false";;;;"test";"test"
"36499873-939d-4584-ad05-8603b90afce4";"Hkwqkr";;"Grxowx";"Female";"15-04-1957";;;;;;;;"278";"false";;;;"test";"test"
"5fdf92ac-dc31-47de-840f-c8d74800adec";"Erwvfxjyrgrlj";;"Knxnfngr";"Female";"01-01-1900";;;;;;;;"279";"false";;;;"test";"test"
"9ddcea26-993d-4956-8a71-82df59ea28aa";"Nrtb_Onn";;"Nrphjpkrx";"Female";"01-01-1900";;;;;;;;"280";"false";;;;"test";"test"
"b53e7cdb-0e9a-45a1-a25b-ddfcfc74c1f7";"Njpkrnz";;"Inlrx";"Male";"18-07-1961";;;;;;;;"281";"false";;;;"test";"test"
"0588887d-7f5b-4f9d-86fe-f2494f82147c";"Vtjp";;"Hpkxnjont";"Male";"16-08-1957";;;;;;;;"282";"false";;;;"test";"test"
"936c61c7-69ee-4e34-b12b-5d2c573f39b6";"Rrx_Gkwyrs";;"Hrxufjsg";"Male";"18-12-1990";;;;;;;;"283";"false";;;;"test";"test"
"45cbeb53-8f6d-4283-ad88-4fac7cb6fa17";"Utrxh";;"Hnxgtb";"Male";"18-12-1927";;;;;;;;"284";"false";;;;"test";"test"
"074cfa53-30a5-4231-834f-17a4b6901490";"Onszjn";;"Wwxrkfn";"Female";"01-01-1900";;;;;;;;"285";"false";;;;"test";"test"
"bacadd2b-655a-4f98-9706-fa698b0614f8";"Wrtjwfs";;"Trzznlws";"Male";"21-03-2002";;;;;;;;"286";"false";;;;"test";"test"
"730b62df-c7c2-46aa-a0bf-913e543f6b81";"Krfz";;"Lssr";"Male";"01-01-1900";;;;;;;;"287";"false";;;;"test";"test"
"fbbb8b82-8bd2-434d-acf7-4c5739243d0d";"Pnejx";;"Gkwtxgwx";"Male";"23-10-1957";;;;;;;;"288";"false";;;;"test";"test"
"2f0df40f-00cd-4606-ad03-bebb7b6c976e";"Xrtzr";;"Knggjxnzzj";"Female";"01-01-1900";;;;;;;;"289";"false";;;;"test";"test"
"053bc509-d4e8-4432-904b-c516fe35d3fd";"Kngnt";;"Ojwf";"Male";"30-10-1947";;;;;;;;"290";"false";;;;"test";"test"
"69682b3e-4c19-4d5a-b8ba-a4ae095df97e";"Wren_Z";;"Yrttwx";"Male";"08-04-1963";;;;;;;;"291";"false";;;;"test";"test"
"64dd3c2b-9ef1-49a2-afe5-17f6368bccfd";"Nrtjr";;"Artrgn";"Female";"13-05-1986";;;;;;;;"292";"false";;;;"test";"test"
"19fe969e-c1d9-4a9b-8ed6-80fb071f5cc1";"Mrxpb_P";;"Dwtyjxlgwx";"Female";"28-10-1956";;;;;;;;"293";"false";;;;"test";"test"
"99703636-fc45-4f12-9eda-75b0ce90b0e7";"Iwolnt";;"Njgpknzz";"Male";"21-02-1948";;;;;;;;"294";"false";;;;"test";"test"
"ed17d2cd-8e29-4587-90df-8741a2efca63";"Krgtjpjr";;"Srtg";"Female";"17-06-1944";;;;;;;;"295";"false";;;;"test";"test"
"56b89068-70a5-40e3-8c1a-3948748538d1";"Ordtnxpn";;"Prkrx";"Male";"16-05-1944";;;;;;;;"296";"false";;;;"test";"test"
"4f606900-5990-41b2-a22a-181fa2c6cb26";"Utrxh";;"Kntjxw";"Males";"13-07-1982";;;;;;;;"297";"false";;;;"test";"test"
"22650457-6c1e-493b-b21e-fc2da8fa332c";"Nrtjzbx";;"Mrlnz";"Female";"22-06-1935";;;;;;;;"298";"false";;;;"test";"test"
"c335a330-226b-4e24-9379-966ef597d926";"Srttb";;"NpOnrx";"Male";"06-12-1946";;;;;;;;"299";"false";;;;"test";"test"
"5fe63af4-114b-4f10-9a00-4b2470673d69";"Wwxrzo";;"Ejzzrows";"Male";"14-01-1938";;;;;;;;"300";"false";;;;"test";"test"
"39c4ac9a-63c5-46d9-b7d7-60a1c88f215a";"Ytrxowx";;"NpOnywtn";"Male";"01-06-1996";;;;;;;;"301";"false";;;;"test";"test"
"9f0b2385-5727-4257-8ffe-fd399e3ba274";"Rsrrp_Nrftjpn";;"Trtoxnt";"Male";"04-01-1994";;;;;;;;"302";"false";;;;"test";"test"
"0a4aed0a-9bb2-4836-958c-e86c20692e70";"Wrxjnz";;"Zttr";"Male";"28-04-1964";;;;;;;;"303";"false";;;;"test";"test"
"c337d09d-9646-4833-8dfd-7d16186c467a";"Zskjsk";;"Nrkrodrt";"Male";"10-07-1966";;;;;;;;"304";"false";;;;"test";"test"
"a0679be7-a58e-4bd7-b264-8796178e9b5b";"Hntljw";;"Xwttnjr";"Male";"29-09-1968";;;;;;;;"305";"false";;;;"test";"test"
"700c115e-eb5c-4a8b-85f8-1ae23964eb67";"Nrggknd";;"NrpWwxrzo";"Male";"16-05-2007";;;;;;;;"306";"false";;;;"test";"test"
"5f0ed418-b67d-4390-a43e-c57f47dffdb2";"Ytjrxxr";;"Ywen";"Female";"29-10-1998";;;;;;;;"307";"false";;;;"test";"test"
"58ba2580-22ac-465f-ac5b-a87d52586f14";"Ifgk";;"Ztxwzo";"Female";"18-01-1932";;;;;;;;"308";"false";;;;"test";"test"
"76723642-5533-4aae-95be-cdb7f4a81e80";"Wnqqjn";;"Ynskwtn";"Female";"15-07-1954";;;;;;;;"309";"false";;;;"test";"test"
"f5fdce31-b80c-4430-ba46-20e17b44a5e6";"Onejxr_N";;"Srtgdjl";"Female";"30-03-1971";;;;;;;;"310";"false";;;;"test";"test"
"51b9f577-896b-4579-8df6-d3967d22d6e3";"Hryfnz";;"Zzznt";"Male";"12-09-2001";;;;;;;;"311";"false";;;;"test";"test"
"bb18b653-e0db-4fca-96d1-a28848a8cea9";"Inrx";;"Pkrzjz";"Female";"06-02-2008";;;;;;;;"312";"false";;;;"test";"test"
"e75b7232-6639-4e2a-b7b1-ecbe9705fb6d";"Hrtrk";;"Mfxns";"Female";"12-11-1976";;;;;;;;"313";"false";;;;"test";"test"
"2ef20ebb-9401-42de-a464-05ba94d48186";"Wrdx";;"Ywftlnwjs";"Female";"08-04-1958";;;;;;;;"314";"false";;;;"test";"test"
"2302e06e-b3d9-4f5a-8d81-77ac7df2e3d4";"Xbxgkjr";;"Xwyvnrx";"Female";"08-07-1956";;;;;;;;"315";"false";;;;"test";"test"
"92f16de1-5959-442f-9a9c-ea0fd9596896";"Njpkrnz";;"Ptfpabxshj";"Male";"24-11-1972";;;;;;;;"316";"false";;;;"test";"test"
"b312a2c2-1638-4394-8b65-629288d1c91f";"Njpknrz";;"Ptfpabxshj";"Male";"24-11-1972";;;;;;;;"316";"false";;;;"test";"test"
"9053d3e0-443f-4503-b0aa-3031e87e653a";"Njpkrnz";;"Ptfpabxshj";"Male";"24-11-1972";;;;;;;;"316";"false";;;;"test";"test"
"08146f72-7bbb-4664-8b4f-9a0f69ea2b71";"Qfojgk";;"Bntpjpk";"Female";"12-01-1952";;;;;;;;"317";"false";;;;"test";"test"
"77be23ac-ab22-45c6-8e5f-e47994de233a";"Iwqntg";;"Irjxqwzg";"Male";"30-06-1930";;;;;;;;"318";"false";;;;"test";"test"
"9fe78816-c949-454a-9596-e0ce95861187";"Wntnh";;"Yfpkxnt";"Male";"08-10-1986";;;;;;;;"319";"false";;;;"test";"test"
"58597d55-9a8f-4f89-a63e-8a9b180dfae3";"Hrln";;"Kngntsnx";"Male";"22-05-1997";;;;;;;;"320";"false";;;;"test";"test"
"bd470331-63f2-46fc-bb7b-e6eaba4c133c";"Onrk";;"Tnxrph";"Female";"28-11-1977";;;;;;;;"321";"false";;;;"test";"test"
"09d23dbf-27d5-4933-9c7f-a644d06a1394";"Ytjrx";;"Dwtyjxlgwx";"Male";"14-02-1949";;;;;;;;"322";"false";;;;"test";"test"
"a85807a9-1096-4c25-bc45-67b87b695496";"Qwrx";;"Djzzjrys";"Female";"01-10-1945";;;;;;;;"323";"false";;;;"test";"test"
"82198cdd-8503-4ef0-8db1-704db26f76a3";"Ijph";;"Xnxonirs";"Male";"04-03-1961";;;;;;;;"324";"false";;;;"test";"test"
"864043e1-e5fd-4a77-9ddd-ecd7b07ce6fa";"Hgnenx";;"Xrtt";"Male";"25-05-1962";;;;;;;;"325";"false";;;;"test";"test"
"4e06d419-0ad6-4695-953f-438989de16a7";"Ijpkrto";;"Vodrtos";"Male";"25-09-1976";;;;;;;;"326";"false";;;;"test";"test"
"c22942be-016f-4f75-917e-34452face189";"Qryns";;"Rtejxl";"Male";"07-08-1941";;;;;;;;"327";"false";;;;"test";"test"
"ee6a02ca-4210-43ab-982e-c9c6be1ba1dc";"Prttjn";;"Hvjgant";"Female";"19-11-1974";;;;;;;;"328";"false";;;;"test";"test"
"66a12a41-3d34-458c-8b76-f84fcd0c23f9";"Zzqntgw";;"Uwxgrxr";"Male";"16-04-1972";;;;;;;;"329";"false";;;;"test";"test"
"6e959110-de66-468c-b770-b6aadc605007";"Djzzjry";;"Gftzjxlgwx";"Male";"02-10-1953";;;;;;;;"330";"false";;;;"test";"test"
"e43103a7-7080-4779-b226-76a26a5a4a7e";"Ynrgtjpn";;"Xkjrxl";"Female";"27-06-1947";;;;;;;;"331";"false";;;;"test";"test"
"dd0e8d31-b388-4403-ba20-b78311f0f5c6";"Ztgkft";;"Srzjy";"Male";"22-09-1994";;;;;;;;"332";"false";;;;"test";"test"
"e02f6689-df90-4c36-9063-59011271c9e9";"Ztgkft";;"Srzjy";"Male";"22-09-1994";;;;;;;;"332";"false";;;;"test";"test"
"84bbed35-f865-44fe-8e83-34fce94befd0";"Srxob";;"Hfxjgw";"Male";"15-08-1942";;;;;;;;"333";"false";;;;"test";"test"
"f20b3102-f823-4e3d-a366-5d1d105adf23";"Gryrtr";;"Hrzergw_Injo";"Female";"01-01-1900";;;;;;;;"334";"false";;;;"test";"test"
"4652d9af-b4e8-48fd-867c-f935d550d822";"Qwkx";;"Mwwxrx";"Male";"24-10-1926";;;;;;;;"335";"false";;;;"test";"test"
"4b240bbd-3f08-4df6-859b-f37d1cce7cfd";"Ptjsgj";;"Wjra";"Female";"15-09-1970";;;;;;;;"336";"false";;;;"test";"test"
"517c2bca-f982-41c3-8597-3c803770e1e5";"Iwoxnb";;"Mjnzsnx";"Male";"12-04-1952";;;;;;;;"337";"false";;;;"test";"test"
"f82320cb-a706-4d80-a905-d111f89b1dbe";"Vodrto";;"Dwzmm_RRR";"Male";"22-09-1959";;;;;;;;"338";"false";;;;"test";"test"
"a39cf329-b874-444a-8f9c-c14504e14a3d";"Irzvk";;"Ytndnt_Qt";"Male";"01-06-1953";;;;;;;;"339";"false";;;;"test";"test"
"6a7d127c-f1b5-4ac7-b098-43250c604e78";"Prgktbx";;"Hgwoorto";"Female";"22-01-1943";;;;;;;;"340";"false";;;;"test";"test"
"72de6325-44c4-49c4-b29a-e4d4bd329a35";"Fpknxxr";;"Zkrxwxf";"Female";"09-02-1982";;;;;;;;"341";"false";;;;"test";"test"
"a4858f78-db06-4be9-87da-c6cb342700ce";"Hgnvknx";;"Hnlrzn";"Male";"08-11-1945";;;;;;;;"342";"false";;;;"test";"test"
"d9c6adad-1381-4943-aa72-5e598ed594d8";"Snznx";;"Qnfxl";"Female";"18-11-1928";;;;;;;;"343";"false";;;;"test";"test"
"e2952a16-aa26-429c-a709-01cf861285e9";"Nrggknd";;"NpPnxxr";"Male";"21-10-1968";;;;;;;;"344";"false";;;;"test";"test"
"c5c0dab8-f2cd-43c4-997a-c538e8d46366";"Ytjrx";;"Hgnnzn";"Male";"25-01-1973";;;;;;;;"345";"false";;;;"test";"test"
"0986ad9d-2182-4d77-b5ad-b4b2bb6ae749";"Irywxr";;"Krln";"Female";"25-11-1964";;;;;;;;"346";"false";;;;"test";"test"
"2961bc56-c168-414d-b6ac-7e935a9b4eb9";"Nrbr";;"Hzrgnt";"Female";"22-02-2013";;;;;;;;"347";"false";;;;"test";"test"
"9467f060-c247-40f1-b9f6-ad198dc828d1";"Qrcswx";;"Kjsrkz";"Male";"07-04-2013";;;;;;;;"348";"false";;;;"test";"test"
"c2ee4b41-3668-4f65-8ab1-c0612b1155ad";"Qwxrgkrx";;"Wrgg";"Male";"05-01-1959";;;;;;;;"349";"false";;;;"test";"test"
"406e04c6-1519-4b5f-8476-27b84d50345e";"Zxgwxjw";;"Untxrxona";"Male";"28-12-1961";;;;;;;;"350";"false";;;;"test";"test"
"b955ff63-077f-4a9f-b268-088bd07ab58a";"Venzbx";;"Mbzrxo";"Female";"19-01-1924";;;;;;;;"351";"false";;;;"test";"test"
"851ffc89-7fb9-41e1-ace7-cd6444fd4e34";"Qfojgk";;"Zentb";"Female";"12-02-1938";;;;;;;;"352";"false";;;;"test";"test"
"461b9362-f462-45da-8047-16997d008ac9";"Gnttj";;"Djgg-Xrzzrdrb";"Female";"16-10-1970";;;;;;;;"353";"false";;;;"test";"test"
"a9a7ce9c-85ac-4719-90f3-85fdccee90bd";"Nrc";;"Njzznt";"Male";"30-05-1940";;;;;;;;"354";"false";;;;"test";"test"
"aacf2355-0466-4d0b-addc-4c8f5da350ef";"Yrzejxont";;"Mrltr";"Female";"15-09-1957";;;;;;;;"355";"false";;;;"test";"test"
"e91e12a6-b721-4fc0-976a-f2f082b49b09";"Nrxfnz";;"Yrnar";"Male";"04-09-1962";;;;;;;;"356";"false";;;;"test";"test"
"08034a03-7ecb-4cda-b20c-eb99118ce952";"Ejpgwt";;"Kwtgnt";"Male";"10-07-1965";;;;;;;;"357";"false";;;;"test";"test"
"7a92cef0-56cb-4153-b637-d8b0a95ef81c";"Onn";;"Kwpkwv";"Male";"02-09-1948";;;;;;;;"358";"false";;;;"test";"test"
"0a41d7f7-213c-4bda-8a55-8771e89b693e";"Xrgkb";;"Ytwont";"Female";"15-12-1955";;;;;;;;"359";"false";;;;"test";"test"
"66145b21-0f1e-42e2-b10d-5ee8d18f0bf6";"Tnxntrz";;"Gkwyrs";"Male";"15-11-1932";;;;;;;;"360";"false";;;;"test";"test"
"99e5c84b-4153-47e9-a8d0-bc5b9e604aa5";"Hgnvknx";;"Iwph";"Male";"13-02-1949";;;;;;;;"361";"false";;;;"test";"test"
"0ee8d17c-e19f-4ed4-944a-ac05b2082bcd";"Pnjgk";;"Gwznyrx";"Male";"12-11-1951";;;;;;;;"362";"false";;;;"test";"test"
"dd0f7cdf-fd05-488e-8861-c1c57dcedec6";"Ejpgwt";;"Kwfxpb";"Male";"06-11-1959";;;;;;;;"363";"false";;;;"test";"test"
"4cfea230-6722-4b7c-82be-b05ff78e58e1";"Qryns";;"Rsrrps";"Male";"25-03-1960";;;;;;;;"364";"false";;;;"test";"test"
"8e8c60d3-ebca-4a57-88b8-27b3e56e232d";"Prgktbx";;"Zlrtvrw";"Female";"22-08-1970";;;;;;;;"365";"false";;;;"test";"test"
"7014fb89-a4e1-448c-b3a1-1320c87a68a7";"Wrejo";;"Pfqjh";"Male";"23-03-1942";;;;;;;;"366";"false";;;;"test";"test"
"27797dba-4a6e-4b3c-9862-e41b6b282491";"Qnxxjmnt";;"Ptrynt";"Female";"13-06-1964";;;;;;;;"367";"false";;;;"test";"test"
"a33fd950-8bfa-44fa-9e1f-0a7d34cae7e7";"Tznxob";;"Hrggntdkjgn";"Female";"29-11-1972";;;;;;;;"368";"false";;;;"test";"test"
"1e84d451-1e04-46e4-b17c-177585793d57";"Qfmrxl";;"Xknx";"Female";"02-09-1955";;;;;;;;"369";"false";;;;"test";"test"
"d067494e-21de-440d-977e-7e6c07512d38";"Hfnrxx";;"Grbzwt";"Female";"29-10-1947";;;;;;;;"370";"false";;;;"test";"test"
"c773d4f1-ff72-4e7f-a9d6-2aba96300b5d";"Iwqntg_V";;"Srxnb";"Male";"07-11-1946";;;;;;;;"371";"false";;;;"test";"test"
"27a1ca37-6491-41cd-a797-73f48670464b";"Ijph_M";;"Ynrfzjnf";"Male";"15-12-1955";;;;;;;;"372";"false";;;;"test";"test"
"c8fec9ff-c146-48c6-9aba-f7590085dd03";"Rtnxn";;"Hgrxorto";"Female";"04-09-1930";;;;;;;;"373";"false";;;;"test";"test"
"254d1282-c75f-4bb9-a195-d048fbc923e1";"Zxotnr";;"Djzzjrys";"Female";"03-10-1967";;;;;;;;"374";"false";;;;"test";"test"
"5dee968e-ef60-40a6-90ea-2f3af3b1805a";"Krynzr";;"Njpkrnzs";"Female";"24-01-1959";;;;;;;;"375";"false";;;;"test";"test"
"eb8b44f8-fa97-4d9d-80bd-3687614ba778";"Krynzr";;"Njpkrnzs";"Female";"24-01-1959";;;;;;;;"375";"false";;;;"test";"test"
"e4aac7a5-bcb2-4599-b3f7-73d0b5da219e";"Krgtjph";;"Gwqjx";"Male";"10-12-1953";;;;;;;;"376";"false";;;;"test";"test"
"ca2fe841-f264-4d2b-8c0a-be6d76919715";"Qnxxb";;"Iwlnts";"Female";"04-08-1961";;;;;;;;"377";"false";;;;"test";"test"
"5b6d3606-8e5b-449f-981e-cdcc8148cc4e";"Ordtnxpn";;"Swlrx";"Male";"25-05-1956";;;;;;;;"378";"false";;;;"test";"test"
"a846343b-9497-4f5c-91d8-df0133625067";"Trjzn";;"Iwolnts";"Female";"24-05-1951";;;;;;;;"379";"false";;;;"test";"test"
"4d348adf-d8d5-4fa7-8e42-92b152a049ee";"Gntnsr";;"Ewzzkntqsg";"Female";"07-04-1953";;;;;;;;"380";"false";;;;"test";"test"
"4663f965-9fa7-46cb-b465-1a4b56ef4c1f";"Ordtnxpn";;"Unzokrfs";"Male";"17-12-1958";;;;;;;;"381";"false";;;;"test";"test"
"9d5a66fe-c838-471f-8796-5ae9b3cc78b2";"Xktjsgwvknt";;"Krxn";"Male";"19-05-1953";;;;;;;;"382";"false";;;;"test";"test"
"1c4ba55c-85bf-475a-bfd0-dddf4955c313";"Zxlnzjpr";;"Nwtr-Hrxgws";"Female";"09-06-2015";;;;;;;;"383";"false";;;;"test";"test"
"797b658c-09ad-432f-97fd-b66099112332";"Xbxgkjr";;"Drto";"Female";"25-03-1954";;;;;;;;"384";"false";;;;"test";"test"
"97de97c9-40e2-4c26-988a-fd73e6a2732d";"Krgtjpjr";;"Onwx";"Female";"26-03-1952";;;;;;;;"385";"false";;;;"test";"test"
"a7700594-b7fd-475f-948f-57e005eee702";"Ynxiryjx";;"Hrlfx";"Male";"08-05-1953";;;;;;;;"386";"false";;;;"test";"test"
"b20f59e7-6883-4f43-adf9-c84d71209f18";"Hpwgg";;"Nwttjs";"M";"18-10-1955";;;;;;;;"387";"false";;;;"test";"test"
"ab8be4ae-dc6a-4b22-96a0-2b00cafba4fd";"Wrzrbxr";;"Hjxlnt";"F";"05-09-2004";;;;;;;;"388";"false";;;;"test";"test"
"fcd835b0-4081-4a63-960e-7eaaee38f964";"Zonzn";;"Djzzjs";"F";"11-12-1961";;;;;;;;"389";"false";;;;"test";"test"
"0247a438-ed2c-40c3-b57f-5ebc3361df02";"Pnzzb";;"Orqfmm";"F";"07-11-1991";;;;;;;;"390";"false";;;;"test";"test"
"d8035f30-676e-4ee5-b2f2-248593fa6ae6";"Tnzrsjr";;"Snttntr";"F";"21-11-1978";;;;;;;;"391";"false";;;;"test";"test"
"9aef8e30-e817-4e2e-af65-21602ae8452a";"Tnzrsjr";;"Snttntr";"Female";"21-11-1978";;;;;;;;"391";"false";;;;"test";"test"
"c5aa2e94-79ab-403b-bf71-61ec18463f15";"Ww_Pwwx";;"Krth";"Male";"24-10-1920";;;;;;;;"392";"false";;;;"test";"test"
"5cd44114-90c5-4182-8cc8-36661416470c";"Xrtwzbx";;"Xwknx";"Female";"19-08-1958";;;;;;;;"393";"false";;;;"test";"test"
"ffa5b042-bdf1-45f8-a2ee-69a235ad3d83";"Gbtfs";;"Ondjs";"Male";"18-07-1984";;;;;;;;"394";"false";;;;"test";"test"
"26987e93-8d8b-490c-9e1e-ab45a12e0f68";"Tzwtjr";;"Lqnsw-Oneb";"Female";"25-08-1964";;;;;;;;"395";"false";;;;"test";"test"
"19f322b1-0520-4597-bb13-ffb0a45be632";"Qfzjrx";;"Qfrtna";"Male";"23-06-2000";;;;;;;;"396";"false";;;;"test";"test"
"389dab4a-a749-4eeb-8999-c53f17ae4fab";"Sntyjxr";;"Ywxrzns";"Female";"28-02-1966";;;;;;;;"397";"false";;;;"test";"test"
"d3561cbe-9656-4eb2-9f97-302055c86563";"Qwsnvk";;"Hrzrart";"Male";"25-10-1958";;;;;;;;"398";"false";;;;"test";"test"
"e20eb5dd-b25b-406c-8731-fdc362240f2a";"Iwqntg";;"Xfvv";"Male";"01-01-1900";;;;;;;;"399";"false";;;;"test";"test"
"9a5db337-9e1b-41c8-8894-f6e75f3a13ea";"Zxxr";;"Nwotnzz";"Female";"22-09-1952";;;;;;;;"400";"false";;;;"test";"test"
"4b9a6bce-58d8-4f36-8d7a-4ad929b12e68";"Nrtjr";;"Snxotjphs";"Female";"01-02-1940";;;;;;;;"401";"false";;;;"test";"test"
"05af95f9-a8da-4892-bcf2-84e0d1b8eb07";"Krfz";;"Nrss";"Male";"11-08-1952";;;;;;;;"402";"false";;;;"test";"test"
"59f29270-5341-41e4-a15d-eec02f57e7b1";"Owtnxr";;"Vphntg";"Female";"13-10-1971";;;;;;;;"403";"false";;;;"test";"test"
"ecbe7909-9747-4582-b15a-1330117ceb00";"Djzzjry";;"Hhnzznxlnt";"Male";"06-09-1933";;;;;;;;"404";"false";;;;"test";"test"
"55ca931c-8a69-4788-a7be-61f5d50aacc9";"Vodrto";;"Qwkxswx";"Male";"15-01-1949";;;;;;;;"405";"false";;;;"test";"test"
"6b724d7d-7297-4d9b-ac7c-d518714d9735";"Hkjtznb";;"Wjxldrzz";"Female";"01-01-1900";;;;;;;;"406";"false";;;;"test";"test"
"8f17519d-e56b-44ba-9811-7cdb23b2c53e";"Ttngpknx";;"Ywwgk";"Female";"20-12-1968";;;;;;;;"407";"false";;;;"test";"test"
"ecd8efd7-7114-402f-9a9b-264f536afb0c";"Drbxn";;"Dkjgxnb";"Male";"01-01-1900";;;;;;;;"408";"false";;;;"test";"test"
"6d8b9798-f56c-4c2b-8787-22db82b80ca5";"Drbxn";;"Dkjgxnb";"Male";"05-07-1946";;;;;;;;"408";"false";;;;"test";"test"
"739375d1-a7b4-44c8-b486-53f2e0079a48";"Hkjtznb";;"Ztpn";"Female";"29-11-1945";;;;;;;;"409";"false";;;;"test";"test"
"5472501b-ada6-4492-a145-ba4c4a0569bc";"Qwsn";;"Uzwtns";"Male";"01-01-1900";;;;;;;;"410";"false";;;;"test";"test"
"b11f0816-88ee-4f96-9f12-b96268b422aa";"Tznxor";;"Sntxrxona-Jfjxgrxjzzr";"Female";"25-08-1998";;;;;;;;"411";"false";;;;"test";"test"
"afa82c7a-4b3a-4081-9eeb-0f66cfb56a33";"Gkwyrs_D";;"Zxontswx";"Male";"23-12-1953";;;;;;;;"412";"false";;;;"test";"test"
"a8392018-7250-4219-ab89-65413b449dea";"Krgtjpjr";;"Dnzgwx";"Female";"01-01-1900";;;;;;;;"413";"false";;;;"test";"test"
"600a95fe-597e-4a5c-9d6f-4a6267bb5f94";"Iwqntgw";;"Vsgtror";"Male";"28-12-2007";;;;;;;;"414";"false";;;;"test";"test"
"2321beb6-6ca0-4064-88e1-865516ec2d17";"Qryns";;"Erx_Inxs";"Male";"01-01-1900";;;;;;;;"415";"false";;;;"test";"test"
"854d8c21-e5fb-4999-bbdd-45facba1285a";"Qrxng";;"Hptfggwx";"Female";"08-03-1970";;;;;;;;"416";"false";;;;"test";"test"
"90890a17-c521-4b18-9268-bb1e5c717bbf";"Xftgjs_W";;"Pnyv";"Male";"10-10-1958";;;;;;;;"417";"false";;;;"test";"test"
"0cb31d9d-1e37-4eef-b3f4-a2bb3237b24c";"Njpkrnz";;"Owlsowx";"Male";"01-01-1900";;;;;;;;"418";"false";;;;"test";"test"
"e910bcae-b17a-439a-a66a-9f0416d98531";"Ptjsgnx";;"NpNjzzrx";"Female";"01-01-1900";;;;;;;;"419";"false";;;;"test";"test"
"e7330ba7-68a0-4a74-bccd-e80f637861c9";"Grgjrxr";;"Kngsne";"Female";"01-01-1900";;;;;;;;"420";"false";;;;"test";"test"
"2f4eab5b-face-4541-a62f-fc403bc7c1b2";"Ynxrb";;"Arqnz_Hyjgk";"Female";"01-01-1900";;;;;;;;"421";"false";;;;"test";"test"
"76e4b5be-2b6d-43b2-85c3-471e58c39ba6";"Wjrxn";;"Wrjznb";"Female";"01-01-1900";;;;;;;;"422";"false";;;;"test";"test"
"4813136d-85e7-4ff0-8d5d-632002007cb7";"Qwkx";;"Swznb";"Male";"01-01-1900";;;;;;;;"423";"false";;;;"test";"test"
"3838dc0e-01e0-4ea3-9f26-184c2520b7af";"Iwxxjn";;"Nrtgjx";"Male";"15-10-1944";;;;;;;;"424";"false";;;;"test";"test"
"c571e694-1d74-4ea0-bc98-7e59f608faae";"Wrejo";;"Gsftjnz";"Male";"04-07-1950";;;;;;;;"425";"false";;;;"test";"test"
"3fde5b8e-2d11-4e6d-899d-e78dab5fed1d";"Djzzjryswx";;"Wrejo";"Male";"01-01-1900";;;;;;;;"11223";"false";;;;"test";"test"
"811abb0b-ffbf-4d99-8a19-c9330c4c389d";"Ijnont";;"Nrth";"Male";"01-01-1900";;;;;;;;"11224";"false";;;;"test";"test"
"be4d1489-3ce1-4828-b6ea-cf2f987f3da1";"Xrgkntjxn";;"Hrxonts";"Female";"01-01-1900";;;;;;;;"12060";"false";;;;"test";"test"
"7412bf45-9180-4e3f-910f-0e375eeb9ae7";"Vyyr";;"Hkntnt";"Female";"01-01-1900";;;;;;;;"12060";"false";;;;"test";"test"
"553fdbc3-2e1f-433d-83ec-c130029b5b44";"Nwwx";;"Xkfxl";"Male";"01-01-1900";;;;;;;;"12060";"false";;;;"test";"test"
"f34ccd2c-489b-4243-be89-bc447af41c23";"Nrtznxn";;"Xnterxgns-Erzona";"Female";"01-01-1900";;;;;;;;"14602";"false";;;;"test";"test"
"ae5934cb-bace-452b-adc8-280c2e9cb439";"Nrtznxn";;"Xnterxgns-Erzona";"Female";"01-03-2000";;;;;;;;"14602";"false";;;;"test";"test"
"b1fd03f7-ff52-4e52-a309-ae55f01c59d0";"Ojr";;"Rsrhwe";"Female";"28-07-2008";;;;;;;;"14602";"false";;;;"test";"test"
"cd1059e3-b8f9-42d3-98bd-6ee4cf8f2d44";"Rrx";;"Hrxufjsg";"Male";"18-12-1990";;;;;;;;"14602";"false";;;;"test";"test"
"6b932d62-7d2d-4758-a974-85091742d575";"Onrxotr";;"NpUroojx";"Female";"04-10-2008";;;;;;;;"14602";"false";;;;"test";"test"
"2d6e7d4f-af0a-447e-879d-a58eb6f3f07f";"Ynzzr";;"Zx";"Female";"26-04-2013";;;;;;;;"14602";"false";;;;"test";"test"
"ebf7f0ae-1cde-443c-aac8-44c3edeab2f4";"Qwkx";;"Hyjgk";"Male";"01-01-1900";;;;;;;;"0";"false";;;;"test";"test"
"04dfbc7f-0c20-4937-98cf-bf1ecaec28fb";"Ejgrxgwxjr";;"Entrpj";"Female";"17-06-2012";;;;;;;;"0";"false";;;;"test";"test"
"fda9d7af-7944-4e59-ac27-4f02b5d9dd9b";"Njphnb";;"Nwfsn";"Male";"13-09-1928";;;;;;;;"0";"false";;;;"test";"test"
"2b63050d-a3c1-404d-89e0-cb161a4e0f01";"Njxxjn";;"Nwfsn";"Female";"20-10-1929";;;;;;;;"0";"false";;;;"test";"test"
"52a99865-48ef-44c2-8c4b-d9b7876cfb7b";"Vznxr";;"Wwn";"Female";"18-10-1978";;;;;;;;"0";"false";;;;"test";"test"
"3e315c37-e0a6-4fc6-9439-5a5daff22c60";"Qrxn";;"Wwn";"Female";"09-08-1924";;;;;;;;"0";"false";;;;"test";"test"
"fe30adb9-5c2b-46e5-8070-b840133d4f51";"Qwn";;"Xwwz";"Male";"23-01-1965";;;;;;;;"0";"false";;;;"test";"test"
"f2cd6e48-c8bc-41b6-851d-9f2b5182fa49";"Nrtpfs";;"Dnzqb";"Male";"25-02-1978";;;;;;;;"0";"false";;;;"test";"test"
"9cfb40e5-2bf7-431f-b0d0-7604e4849c3a";"Wrejo";;"Djzzjryswx";"M";"01-01-1900";;;;;;;;"0";"false";;;;"test";"test"
"5c6c4dac-11a5-4473-b3be-2d709be0c10e";;;"UwXk";;"01-01-1900";;;;;;;;"0";"false";;;;"test";"test"
"02a3c231-bffa-4058-8546-9ecc48a9b2a3";;;"QrNr";;"01-01-1900";;;;;;;;"0";"false";;;;"test";"test"
"02d643f9-3440-4f59-ac7f-04f3d931f880";"Qfyr_Zz";;"Pkryjs";"Male";"15-02-1957";;;;;;;;"0";"false";;;;"test";"test"
"c1d061ea-475d-459d-bf87-70709d5e6a81";"Qfyr_Zz";;"Pkryjs";"Male";"15-02-1957";;;;;;;;"0";"false";;;;"test";"test"
"9ff7ed5b-4786-4ad1-8c70-299129b6d276";"Qwn";;"Hpkywn";"M";"01-01-1900";;;;;;;;"0";"false";;;;"test";"test"
